,매체명,헤드라인,내용요약,뉴스url
0,문화뉴스,"한국야쿠르트, 유산균에 대한 전문성을 바탕으로 프로바이오틱스 시장 선도","국내 프로바이오틱스 건강기능식품 시장 또한 2014년 1,388억원에서 2015년 1,579억원으로 성장했다. 이런 추세라면 2,000억원대 돌파도 멀지 않았다는 전망이다. ? 이러한 가운데 한국야쿠르트는 지난 2015년...",http://www.munhwanews.com/news/articleView.html?idxno=72770
1,데일리팜,"화이자, 연예인 광고·화이자몰 오픈…센트룸 홍보강화",한국화이자가 건강기능식품 센트룸의 대중광고 모델을 선정하고 텔레비전 등 홍보채널을 강화한다. 아울러 공식 온라인 쇼핑몰인 '화이자컨슈머헬스케어(PCH)몰'도 최근 정식 오픈했다. 18일 회사는 센트룸 광고모델로...,http://www.dailypharm.com/News/229929
2,국제뉴스,"동국대 신한승 교수, 한국국제생명과학회 부회장 취임","한국국제생명과학회(ILSI Korea)는 산업계 및 학계의 전문가 그룹이 생명공학, 식품안전, 건강, 영양, 바이오신기술 등에 대한 이슈 및 연구 동향을 파악하고 과학적 협력을 통해 해결방안을 모색해 인류의 건강 증진 및...",http://www.gukjenews.com/news/articleView.html?idxno=767309
3,국제신문,"의사협회 “영유아, 살충제 계란 하루 2개 먹어도 괜찮아”...독성물질 빠질 것",이에 백현욱 의협 국민건강보호위원회 식품건강분과위원장(분당제생병원 내과 교수)은 “식약처에서 문제없다고 검증된 건 먹어도 된다”며 “다만 정부에서 살충제가 검출됐다고 발표된 계란은 가정에서 폐기하면...,http://www.kookje.co.kr/news2011/asp/newsbody.asp?code=0300&key=20170819.99099008187
4,조선일보,"醫協 ""살충제 계란 우려 수준 아냐… 아이가 하루 2개 먹어도 기준치 20%""","백현욱 의협 식품건강분과위원장(분당제생병원 임상영양내과 교수)은 ""어찌 됐건 사람이 먹는 식품에 살충제가 나온다는 것 자체가 말이 안 되는 것""이라며 ""이런 물질들이 들어간 음식을 섭취하지 않도록 하는 식품 안전...",http://news.chosun.com/site/data/html_dir/2017/08/19/2017081900038.html
5,약업신문,"""살충제 계란과 무관한 약사직능 무시발언 사과해야""","약사회는 ""국민건강을 위해 이번 살충제 계란 사태이 원인과 문제 그리고 해결의 과정을 정부와 국회가 신속하고 합리적으로 대처해 줄 것""을 요구하며 ""일방적인 비난에서 벗어나 국민의 건강을 책임질 식품안전 행정을...",http://www.yakup.com/news/index.html?mode=view&cat=13&nid=208900
6,뉴스1,"[주말쇼핑포인트]""추석선물, 사전예약으로 저렴하게 구매하세요""","예약 품목은 배, 사과, 곶감 등 농산 27품목, 한우 등 축산 30품목, 굴비, 갈치 등 수산 16품목, 건강식품 24품목 등 총 177가지 품목이다. 명절 최고 인기 상품으로 꼽히는 한우는 5~10%, 굴비는 20%, 청과는 10~15%, 곶감...",http://news1.kr/articles/?3078177
7,연합뉴스,잊을 만하면 끊이지 않는 먹거리 파동…'믿고 먹기 힘들다',한국소비자원은 당시 홈쇼핑 등에서 선풍적인 인기를 끌던 건강기능식품 백수오 관련 제품 상당수에 식품 원료로 인정되지 않고 인체에 유해한 이엽우피소가 섞여 있다고 발표했다. 이 발표로 대량 환불 사태가 일어나...,http://app.yonhapnews.co.kr/YNA/Basic/SNS/r.aspx?c=AKR20170818163600030&did=1195m
8,뉴스1,"자연주의 넘어 '더마 화장품'이 뜬다…제약사 제휴, M&A까지도","토니모리 관계자는 ""연고제와 화장품 원료를 공동구매하고 건강기능성 식품도 공동생산할 것""이라며 ""화장품과 제약사가 만나 시너지를 낼 것으로 기대한다""고 말했다. 화장품 ODM 기업들도 화장품 분야로 진출하는...",http://news1.kr/articles/?3077454
9,조선비즈,건강식품 오메가3의 재발견…고지혈증 약에 오메가3 더한 복합제 경쟁 ‘후끈’,중소형 제약사 건일제약이 7월말 세계 최초로 고지혈증 치료제에 ‘오메가-3 지방산 에스테르(이하 오메가-3)’를 더한 복합제 ‘로수메가연질캡슐’의 판매 허가를 받았다. 이에 따라 800억원대 규모로 추정되는...,http://biz.chosun.com/site/data/html_dir/2017/08/18/2017081803211.html
10,가톨릭평화방송·평화신문,"[책을 말하다] 이혜인 MD ""우리 몸을 해킹하면 건강이 보인다 「최강의 식사」""","보통 송이, 표고 할 것 없이 버섯은 건강식품의 대명사로 불리지요. 그런데 저자는, 버섯은 ‘불필요한 약’이라고 소개합니다. 아직까지도 사람들이 흔히 먹는 버섯에 함유된 수천가지의 화학 물질의 정체가 규명되지...",http://www.cpbc.co.kr/CMS/news/view_body.php?cid=692418&path=201708
11,문화뉴스,"차가버섯·후코이단 대체식품 전문기업 (주)고려인삼공사, 시범사업 대리점 모집","차가버섯, 후코이단은 경기 불황에도 건강식품 소비 지출이 증가하고 있는 건강식품으로 주목받고 있다. 차가버섯은 건강기능식품은 아니지만 건강 증진, 체질 개선 등에 도움이 되는 일명 보완 대체식품으로 널리...",http://www.munhwanews.com/news/articleView.html?idxno=72642
12,국제뉴스,오메가3 복용시 체내 흡수 및 생체이용률 달라,"(서울=국제뉴스) 김민재 기자 = 오메가3는 혈액순환개선에 도움되는 건강식품으로 지난 40년간 꾸준히 판매되고 있는 대표적인 건강기능식품이다. 통계청의 2015년 자료에 따르면, 한국인 단일 건강위협 원인 1위로...",http://www.gukjenews.com/news/articleView.html?idxno=767408
13,영남일보,신나게 놀고 즐겼지만 만만찮은 휴가 후유증…“걱정마세요 애프터 바캉스 케어’가 있으니까요”,햇볕에 손상된 피부 꾸준한 관리 수분공급·열감해소 화장품 사용 무너진 신체 밸런스에는 아로마 비타민·건강식품 체력회복 도와 문화공연으로 스트레스 날리기도 알로에베라잎즙이 함유된 ‘이즈엔트리 수딩젤’은...,http://www.yeongnam.com/mnews/newsview.do?mode=newsView&newskey=20170819.010120817290001
14,중도일보,"울진군, 어린이 기호식품 조리, 판매업소 위생 점검",주요 점검 내용은 ▲무허가·무신고 영업 ▲무표시 또는 유통기한 경과 제품 원재료 사용 및 판매 여부 ▲종사자 건강진단 등 기타 식품위생법 위반 여부 등이다. 군 관계자는 “이번 일제 점검을 통해 학교 주변 식품에...,http://www.joongdo.co.kr/jsp/article/article_view.jsp?pq=201708190166
15,뉴스1,[강추!필수아이템]바쁜 일상 속 간편하게 하루 영양 채워볼까?,? News1 동원F&B는 프리미엄 자연 건강식품 브랜드 '하루기초'를 선보였다. 이번에 출시된 제품은 Δ헛개열매진액 Δ의성 산수유진액 Δ강화 약쑥진액 Δ안동 생강진액 Δ양배추 진액 등 건강즙 5종으로 구성됐다. 또...,http://news1.kr/articles/?3078165
16,약사공론,"""정운천 의원, 살충제계란 관련 약사직능 무시발언 사과하라""",특히 “국민건강을 위해 이번 살충제 계란 사태이 원인과 문제 그리고 해결의 과정을 정부와 국회가 신속하고 합리적으로 대처해 줄 것을 요구한다”며 “일방적인 비난에서 벗어나 국민의 건강을 책임질 식품안전 행정을...,http://www.kpanews.co.kr/article/show.asp?idx=186395&table=article&category=A
17,데일리팜,"약사회 ""약사 비하 발언한 정운천 의원 사과하라""","약사회는 ""국민건강을 위해 이번 살충제 계란 사태이 원인과 문제 그리고 해결의 과정을 정부와 국회가 신속하고 합리적으로 대처해 줄 것을 요구한다""며 ""일방적인 비난에서 벗어나 국민의 건강을 책임질 식품안전 행정을...",http://www.dailypharm.com/News/229947
18,이투뉴스,"자연지애, 석류의 본고장 유럽에서 온 '유기농 석류압착 원액주스' 출시",건강식품 대표브랜드 자연지애는 석류의 본고장 유럽에서 온 신제품 '유기농 석류압착 원액주스'를 출시했다고 밝혔다. 석류에는 천연식물성 에스트로겐이 들어 있어 갱년기에 좋은 음식으로 알려져 있다. 주요성분인...,http://www.e2news.com/news/articleView.html?idxno=101174
19,이투뉴스,"천연성분 비니트록스와 세렌조, 남성갱년기 증상과 남성호르몬 관리로 주목",기존 해외 건강기능식품 등에 일부 쓰였던 비니트록스와 세렌조는 국내에서도 비니트록스와 세렌조를 포함한 남성건강식품 등이 출시되고 있는데 한국콜마와 버팔로MS가 공동 개발한 '비거록스' 등이 있다.,http://www.e2news.com/news/articleView.html?idxno=101171
20,한국대학신문,"신한승 동국대 교수, 한국국제생명과학회 부회장 취임","한국국제생명과학회(ILSI?Korea)는?산업계?및?학계의?전문가?그룹이?생명공학,?식품안전,?건강,?영양,?바이오신기술?등에?대한?연구?동향을?파악하는?비영리?국제?과학?기구다. 신?교수는?다양한?식품안전...",http://news.unn.net/news/articleView.html?idxno=178210
21,뉴시스,충주메가폴리스산업단지 사업시행 6년만에 준공 인가,건조과채류와 건강기능식품을 생산하는 자연그대로컴퍼니는 77억원을 들여 1만1090㎡의 터에 건축 전체면적 3834㎡ 규모의 공장을 내년 4월 준공할 계획이며 75명을 신규 고용하기로 했다. 아이스팩과 핫팩...,http://www.newsis.com/view/?id=NISX20170818_0000071764&cID=10806&pID=10800
22,데일리시큐,"상락수 차가버섯, 한국 건조기술 생산 고수하는 이유",건강식품 전문업체 상락수에서는 러시아산 정품 차가버섯을 선별하여 농축한 농축액을 한국에서 직접 건조하여 생산하고 있다. 북위 45도 이상 러시아 극냉 지방의 자작나무에서 자라는 15년 이상된 차가버섯을 채취...,http://www.dailysecu.com/?mod=news&act=articleView&idxno=22953
23,TV조선,"대한의협 ""살충제 계란 독성 한 달이면 빠져나가""","백현욱 / 대한의협 식품건강분과위원장 ""잔류기준을 넘겼다 하더라도 인체에 곧바로 유해하진 않다고 설명하고 있습니다"" 몸에 쌓일 위험도 적다고 설명했습니다. 피프로닐과 비펜트린, 에톡사졸과...",http://news.tvchosun.com/site/data/html_dir/2017/08/19/2017081990030.html
24,메디파나뉴스,"정운천 의원 약사 무시 발언에 약사회 ""사과하라""","아울러 약사회는 ""국민건강을 위해 이번 살충제 계란 사태이 원인과 문제 그리고 해결의 과정을 정부와 국회가 신속하고 합리적으로 대처해 줄 것을 요구한다""며 ""일방적인 비난에서 벗어나 국민의 건강을 책임질 식품안전...",http://medipana.com/news/news_viewer.asp?NewsNum=205594&MainKind=A&NewsKind=5&vCount=12&vKind=1
25,신아일보,서산9경·9품·9미… 차별화된 브랜드로 관광 인지도 높여,"시는 지역의 브랜드 가치를 높이기 위해 9개의 아름다운 자연과 건강한 식품, 맛좋은 음식의 이미지를 통일화해 서산9경·9품·9미 관광브랜드와 디자인을 개발했다. 그 결과 서산9경 중 제2경인...",http://www.shinailbo.co.kr/news/articleView.html?idxno=598451
26,뉴스1,횡성더덕축제 9월16일 개막…“더덕 먹고 힘내자!”,김홍섭 횡성더덕축제위원장은 “전국 더덕생산량의 26%를 차지하는 횡성더덕은 사포닌과 인우린이 풍부해 면역력 형성 및 원기충전에 좋고 특히 미세먼지와 황사 해독작용이 뛰어난 건강식품으로 더덕을 늘 섭취하는...,http://news1.kr/articles/?3078409
27,전북도민일보,순창군 전통 발효식초 활용 산업화 가능성 모색,"황숙주 군수는 ""최근 우리 전통 식초가 웰빙 건강식품으로 널리 인식되고 있다""라며 ""순창은 발효기술을 토대로 다양한 농축식초, 과일식초 등을 육성해 전통식초의 산업화에 길을 열겠다""고 밝혔다. 순창=우기홍 기자",http://www.domin.co.kr/news/articleView.html?idxno=1164401
28,불교공뉴스,더덕 먹고 힘내는 날! 제6회 횡성더덕축제,"김홍섭 횡성더덕축제위원장은 ""전국 더덕생산량의 26%를 차지하는 횡성더덕은 사포닌과 인우린이 풍부해 면역력 형성 및 원기충전에 좋고 특히 미세먼지와 황사 해독작용이 뛰어난 건강식품으로, 더덕을 늘 섭취하는...",http://www.bzeronews.com/news/articleView.html?idxno=316006
29,굿모닝충청,"서산시,'2017 소비자평가 No.1 브랜드 대상'수상","시는?지역의?브랜드?가치를?높이기?위해?9개의?아름다운?자연과?건강한?식품,?맛좋은?음식의?이미지를?통일화해?서산9경·9품·9미?관광브랜드와?디자인을?개발했다. 디자인?중?9경은?자연의?절경을...",http://www.goodmorningcc.com/news/articleView.html?idxno=70339
30,TV조선,"소량이라 안전?…""그래도 못믿겠다""","백현욱 / 대한의협 식품건강분과위원장 ""잔류기준을 넘겼다 하더라도 인체에 곧바로 유해하진 않다고 설명하고 있습니다. "" 하지만 지난해 여름에도 살충제를 썼다는 양심고백이 이어지면서 기초적인 통계조차...",http://news.tvchosun.com/site/data/html_dir/2017/08/19/2017081990085.html
31,오마이뉴스,엄마 몰래 훔쳐먹던 '마법의 알약'... 이젠 '끝'이랍니다,"원기소는 보리 등의 곡류에서 추출한 효소 분말을 발효시켜 소화를 촉진하고, 곡류에 다량 함유된 식이섬유가 변비에 효과가 있는 단순한 건강보조식품 수준이었다. 일단 소화가 잘되고 배변이 잘 되니 결국 식욕이...",http://www.ohmynews.com/NWS_Web/View/at_pg.aspx?CNTN_CD=A0002352146
32,OBS,'풋귤'의 재발견…기능성 성분 풍부,[김상숙/농촌진흥청 감귤연구소 연구사: 건강 기능식품으로 개발된다면 좀더 부가가치가 향상될 것이고요.…소비가 확대되면 농가소득도 증대될 것으로….] 감귤의 과잉생산을 막는다며 열매솎기로 버려졌던 풋 귤이...,http://www.obsnews.co.kr/news/articleView.html?idxno=1057161
33,연합뉴스,"[살충제 계란 과제] 식품안전관리 컨트롤타워 필요…""창구 일원화해야""",식품안전 담당 부처 간 '밥그릇 싸움'의 결과로 탄생한 이런 기형적 이원화 체제는 결과적으로 국민 건강을 지키기 위한 식품안전의 유기적 관리에는 마이너스 요인으로 작용했다. 이번 '살충제 계란' 사태 발발 초기에도...,http://app.yonhapnews.co.kr/YNA/Basic/SNS/r.aspx?c=AKR20170819041700030&did=1195m
34,머니S,[머니S토리] 잘생기고 예쁜 시대는 끝… '이색모델'이 뜬다,이어져 건강기능식품브랜드 파마넥스는 최근 체계적인 체중조절 프로그램 ‘에이지락 TR90(티알나인티)’의 홍보모델로 개그우먼 김숙을 발탁했다. 그 동안 체중조절 관련 제품의 모델은 날씬하고 예쁜 여성 모델을...,http://www.moneyweek.co.kr/news/mwView.php?type=1&no=2017081717318091517&outlink=1
35,세계일보,[양향자의 The 건강한 음식] 오이는 피부에 양보하세요,비타민도 풍부해 신진대사를 원활하게 하고 감기 예방에 효과적이며 여름철 피로해소를 위한 건강식품이다. 그렇다고 지나치게 많이 섭취하면 오이의 성질이 냉하기 때문에 설사를 자주하거나 소화가 잘되지 않으니...,http://www.segye.com/content/html/2017/08/16/20170816003049.html?OutUrl=naver
36,아시아경제,"[뉴스 그후]서울 시민 91.9% ""하루라도 인터넷 못하면 입안에 가시가 돋힌다""","5%),▲건강기능식품 (18.7%), ▲컴퓨터 및 컴퓨터 주변기기 (12.7%), ▲가구 및 인테리어 용품(9.2%), ▲유아동 상품 (10.6%), ▲금융상품 (5.7%), ▲교육 (5.7%), ▲컴퓨터 게임 또는 비디오 게임(5.7%), ▲컴퓨터 소프트웨어(4.4...",http://www.asiae.co.kr/news/view.htm?idxno=2017082008422924092
37,아시아경제,"AK플라자, 25일부터 추석선물세트 예약판매 돌입","온라인 및 모바일 주문이 매년 증가함에 따라 온라인 인기 아이템인 건강기능식품, 통조림, 쿠키 등의 품목도 확대 구성했다. 서울, 경기지역의 경우 AK플라자에서 직접 방문 배송하는 맞춤배송서비스를 제공하며...",http://www.asiae.co.kr/news/view.htm?idxno=2017082009352087921
38,아시아경제,"갤러리아백화점 “추석 선물세트 예약판매 진행""","갤러리아 예약판매 품목은 배, 사과 등 농산 60품목, 한우 등 정육 12품목, 굴비, 갈치 등 수산 17품목, 건강식품 43품목 등 총 221개 품목으로 지난 추석 예약판매 선물 195개 품목에서 13% 확대했다. 지난 추석과 비교해...",http://www.asiae.co.kr/news/view.htm?idxno=2017082009372492426
39,전자신문,"갤러리아百, 추석 선물세트 예약판매전 진행","갤러리아 예약판매 품목은 배, 사과 등 농산 60품목, 한우 등 정육 12품목, 굴비, 갈치 등 수산 17품목, 건강식품 43품목 등 총 221개 품목으로 지난 추석 예약판매 선물 195개 품목에서 13% 확대했다. 지난 추석과 비교해...",http://www.etnews.com/20170820000004
40,뉴스1,"갤러리아百, 추석 선물세트 사전예약 개시","예약판매 품목은 Δ배, 사과 등 농산 60품목 Δ한우 등 정육 12품목 Δ굴비, 갈치 등 수산 17품목 Δ건강식품 43품목 등 총 221개 품목이다. 갤러리아백화점은 기존 제품 판매가 대비 10~40% 저렴한 수준에 제품을...",http://news1.kr/articles/?3078584
41,세종포스트,"진세노사이드, 사포닌 등 인체 유효성분 함량 산삼배양근 '천혈환'","한편,?산삼배양근?천혈환은?건강식품?전문업체?엄마의?숲에서?구매가?가능하며?검색창에?""엄마의숲""을?검색하면?된다. ?보다?자세한?사항은?공식?홈페이지?혹은?고객센터로?문의?가능하다.",http://www.sjpost.co.kr/news/articleView.html?idxno=19098
42,아주경제,"[중기Pick] 한풀꺽인 여름, 한발 빠른 환절기 ‘목’ 보호 건강식품 대결","송창범 기자 kja33@ajunews.com 중소 건강식품 전문기업들이 한발 빠른 움직임으로, 환절기 ‘목’ 보호를 내세운 ‘도라지?배’ 건강식품 대결을 펼친다. 20일 업계에 따르면, 건강식품 브랜드 ‘올즙’과 ‘자연의품격’이...",http://www.ajunews.com/view/20170820084005305
43,데일리안,"갤러리아백화점, 21일부터 추석 선물세트 사전 예약 판매","갤러리아 예약판매 품목은 배, 사과 등 농산 60품목, 한우 등 정육 12품목, 굴비, 갈치 등 수산 17품목, 건강식품 43품목 등 총 221개 품목으로 지난 추석 예약판매 선물 195개 품목에서 13% 확대했다. 지난 추석과 비교해...",http://www.dailian.co.kr/news/view/655023/?sc=naver
44,브릿지경제,"건보공단 부산본부, 부산시약사회와 'BYE 약물 오·남용' 사업 추진","‘BYE 약물 오·남용’ 사업은 어르신들이 집에 보관중인 병원 처방 약, 건강보조 식품 등에 대한 올바른 복약 상담을 통해 약물 오·남용 방지로 어르신들의 건강한 삶을 위하고, 약제비 절감을 도모하고자 7월에서...",http://www.viva100.com/main/view.php?key=20170820010006863
45,이데일리,보은인사 꼬리표 류영진 식약처장 한달 만 침몰위기,"전여옥 전 의원은 류 처장 임명과 관련 페이스북에 “식품, 의약품, 건강기능식품, 마약류, 화장품, 의료기기 등의 안전에 대한 일을 도맡는 전문적인 기관인만큼 인사에 공정해야 한다”며 “이런 자리에 ‘약사 정치인’...",http://www.edaily.co.kr/news/newspath.asp?newsid=01367766616029288
46,중도일보,"문경시, 오미자 기능성음료 미국 수출","문경시는 그동안 전국 유일의 오미자산업특구 지정, 공동브랜드 ‘레디엠’상표등록, 농식품부 오미자산업지구 조성사업 등을 통해 문경오미자 산업을 체계적으로 육성해 건강기능식품과 향장제품, 의약품...",http://www.joongdo.co.kr/jsp/article/article_view.jsp?pq=201708200653
47,뉴시스,"AK플라자, 25일부터 추석선물세트 예약판매 돌입","온라인 및 모바일 주문이 매년 증가함에 따라 온라인 인기 아이템인 건강기능식품, 통조림, 쿠키 등의 품목도 확대 구성했다. 서울, 경기지역의 경우 AK플라자에서 직접 방문 배송하는 맞춤배송서비스를 제공하며...",http://www.newsis.com/view/?id=NISX20170820_0000072104&cID=13001&pID=13000
48,에너지경제,"AK플라자, 25일부터 추석선물세트 예약판매 돌입","온라인 및 모바일 주문이 매년 증가함에 따라 온라인 인기 아이템인 건강기능식품, 통조림, 쿠키 등의 품목도 확대 구성했다. 서울, 경기지역의 경우 AK플라자에서 직접 방문 배송하는 맞춤배송서비스를 제공하며...",http://www.ekn.kr/news/article.html?no=306974
49,아시아투데이,"대한민국 국가대표 '문경오미자', 아메리칸 드림 실현한다","시는 그동안 전국 유일의 오미자산업특구 지정, 공동브랜드 ‘레디엠’ 상표등록, 농식품부 오미자산업지구 조성사업 등 문경오미자 가공산업을 체계적으로 육성해 건강기능식품과 향장제품, 의약품, 식품첨가제...",http://www.asiatoday.co.kr/view.php?key=20170820010008430
50,이데일리,‘가을 추수’ 노리는 유통家...추석맞이 프로모션 ‘풍성’,"예약 품목은 배, 사과, 곶감 등 농산 27품목, 한우 등 축산 30품목, 굴비, 갈치 등 수산 16품목, 건강식품 24품목 등 총 177가지다. 명절 인기 상품인 한우는 5~10%, 굴비는 20%, 청과는 10~15%, 곶감·건과는 15~30%, 와인은 20~75...",http://www.edaily.co.kr/news/newspath.asp?newsid=01538326616029288
51,디지털타임스,"갤러리아백화점·AK플라자, 추석선물세트 사전 예약판매","이번 예약판매 품목은 배·사과 등 농산 60개 품목, 한우 등 정육 12개 품목, 굴비·갈치 등 수산 17개 품목, 건강식품 43개 품목 등 총 221개 품목이다. 특히 이번 추석 연휴는 최장 10일로 길어 추석선물세트 수요가...",http://www.dt.co.kr/contents.html?article_no=2017082002109976817001&ref=naver
52,브릿지경제,"갤러리아百, 21일부터 추석선물세트 예약판매","갤러리아 예약판매 품목은 배, 사과 등 농산 60품목, 한우 등 정육 12품목, 굴비, 갈치 등 수산 17품목, 건강식품 43품목 등 총 221개 품목으로 지난 추석 예약판매 선물 195개 품목에서 13% 확대했다. 지난 추석과...",http://www.viva100.com/main/view.php?key=20170820010006910
53,브릿지경제,"AK플라자, 25일부터 추석선물세트 예약판매 돌입","온라인 및 모바일 주문이 매년 증가함에 따라 온라인 인기 아이템인 건강기능식품, 통조림, 쿠키 등의 품목도 확대 구성했다. 서울, 경기지역의 경우 AK플라자에서 직접 방문 배송하는 맞춤배송서비스를 제공하며...",http://www.viva100.com/main/view.php?key=20170820010006937
54,매일일보,"서산9경·9품·9미, '2017 소비자평가 No.1 브랜드 대상'수상","자연과?건강한?식품,?맛좋은?음식의?이미지를?통일화해?서산9경·9품·9미?관광브랜드와?디자인을?개발했다. 디자인?중?9경은?자연의?절경을?상징할?수?있도록?푸른색과?녹색계열로?나타냈고?9품은...",http://www.m-i.kr/news/articleView.html?idxno=335787
55,서울경제,천일염의 모든 것 체험해 보세요,"천일염이 식품뿐만 아니라 건강한 삶을 돕는 천일염의 중요성과 기능, 생활 속 다양한 활용방안 등을 수도권 소비자에게 널리 알리는 계기가 될 것으로 주최측은 기대했다. 특히 추석 명절을 앞두고 50개 부스에서...",http://www.sedaily.com/NewsView/1OJTOX67MI
56,폴리뉴스,"갤러리아백화점, 21일부터 추석선물 예약판매","이번 예약 판매 행사에서는 농산 60품목, 정육 12품목, 수산 17품목, 건강식품 43품목 총 221개 품목을 최대 40% 할인된 가격에 선보인다. 대표 품목으로 프리미엄 PB(자체 브랜드) 한우정육 브랜드...",http://www.polinews.co.kr/news/article.html?no=325209
57,NSP통신,문경오미자로 만든 음료 ‘미국 진출’,"시는 그동안 전국 유일의 오미자산업특구 지정, 공동브랜드 ‘레디엠’상표등록, 농식품부 오미자산업지구 조성사업 등을 통해 문경오미자 산업을 체계적으로 육성해 건강기능식품과 향장제품, 의약품...",http://www.nspna.com/news/?mode=view&newsid=236898
58,NSP통신,"구미시, 어린이 식품안전보호구역 내 ‘위생 점검’",점검단은 ▷유통기한 경과제품 판매여부 ▷보존 및 유통기준 준수 여부 ▷조리식품 취급 종사자의 건강진단 실시여부 ▷조리 및 판매시설 등 위생관리 여부 ▷학교매점 및 어린이 기호식품 우수판매업소의 고열량...,http://www.nspna.com/news/?mode=view&newsid=236895
59,대전일보,"충주시, 자연그대로컴퍼니·태성산업과 투자협약","이날 투자협약을 맺는 자연그대로컴퍼니는 2017년 6월에 설립된 회사로, 과채류, 액상류 등 다양한 동결건조 경험을 바탕으로 건조과채류와 건강기능식품을 생산하는 업체이다. 또한 당뇨에 유익한 뽕잎을 이용한...",http://www.daejonilbo.com/news/newsitem.asp?pk_no=1276546
60,부산일보,"글램디, 건강한 몸매 위한 '글램디 엑서사이즈 부스터' 출시",글램디 엑서사이즈 부스터는 운동수행능력 향상에 도움이 되는 건강기능 식품으로 식푸의약품안전처로부터 인증받은 '크레아틴'이 함유돼 운동 시 신체에 활력을 더해준다. 평소 다양한 스포츠 활동이나 근력운동을...,http://news20.busan.com/controller/newsController.jsp?newsId=20170820000042
61,광주매일신문,"베툴린, 베툴린산 등 유효성분 극대화한 상락수 차가버섯",요즘 뜨고 있는 건강식품 중 하나인 차가버섯의 주요 성분은 베타글루칸과 베툴린&베툴린산이다. 이들 성분은 열과 수분에 매우 약해서 가공 과정을 거치다 파괴되는 경우가 허다했다. 상락수에서는 인간의 몸에 유익한...,http://www.kjdaily.com/read.php3?aid=1503208800416108203
62,전라일보,순창군 전통발효식초 활용 산업화길 연다!,"황숙주 군수는 '최근 우리 전통식초가 웰빙 건강식품으로 널리 인식되고 있다"" 면서 ""순창은 발효기술을 토대로 다양한 농축식초, 과일식초 등을 육성해 전통식초의 산업화에 길을 열어 나가겠다""고 말했다. 한편 순창 (재)...",http://www.jeollailbo.com/news/articleView.html?idxno=519581
63,충북일보,"자연그대로컴퍼니㈜·㈜태성산업, 서충주신도시에 둥지튼다","자연그대로컴퍼니는 지난 6월 설립된 회사로 과채류, 액상류 등 다양한 동결건조 과채류와 건강기능식품을 생산하는 업체다. 당뇨에 유익한 뽕잎을 이용한 다양한 제품 개발 능력을 보유해 당뇨특화도시 충주시와...",http://www.inews365.com/news/article.html?no=504960
64,현대경제신문,살충제 계란 파동…대체재 콩·귀리 제품 눈길,"건강기능식품, 시리얼, 화장품 등 다양한 제품으로 출시돼 소비자들의 눈길을 사로잡고 있다. 풀무원건강생활의 프리미엄 건강기능식품 브랜드 풀무원로하스 '로젠빈'은 혈행 개선 및 콜레스테롤 저하, 골다공증 발생 위험...",http://www.finomy.com/news/articleView.html?idxno=46957
65,금강일보,"서산시, '2017 소비자평가 No.1 브랜드대상'수상","시는 지역의 브랜드 가치를 높이기 위해 9개의 아름다운 자연과 건강한 식품, 맛좋은 음식의 이미지 등을 통일해 서산9경ㆍ9품ㆍ9미 관광브랜드와 디자인을 개발했다. 디자인 중 9경은 자연의 절경을 상징할 수...",http://www.ggilbo.com/news/articleView.html?idxno=398442
66,금강일보,충주시 자연그대로컴퍼니ㆍ태성산업과 투자협약,"이날 투자협약을 맺는 자연그대로컴퍼니㈜는 2017년 6월에 설립된 회사로, 과채류, 액상류 등 다양한 동결건조 경험을 바탕으로 건조과채류와 건강기능식품을 생산하는 업체이다. 또한 당뇨에 유익한 뽕잎을 이용한...",http://www.ggilbo.com/news/articleView.html?idxno=398474
67,스포츠조선,"AK플라자, 25일부터 추석선물세트 예약판매…가격대·종류 선택 DIY세트 품목 늘려","온라인 및 모바일 주문이 매년 증가함에 따라 온라인 인기 아이템인 건강기능식품, 통조림, 쿠키 등의 품목도 확대 구성했다. 서울, 경기지역의 경우 AK플라자에서 직접 방문 배송하는 맞춤배송서비스를 제공하며...",http://sports.chosun.com/news/ntype.htm?id=201708200100177060013030&servicedate=20170820
68,뉴스토마토,"유통업계, '추석 대목' 잡기 올인","예약 품목은 배, 사과, 곶감 등 농산 27품목, 한우 등 축산 30품목, 굴비, 갈치 등 수산 16품목, 건강식품 24품목 등 총 177가지다. 명절 인기 상품인 한우는 5~10%, 굴비는 20%, 청과는 10~15%, 곶감·건과는 15~30%, 와인은 20~75...",http://www.newstomato.com/ReadNews.aspx?no=772710
69,아주경제,"[로컬 건강 톡톡]부산, 건강백세 위한 '약물 오?남용' 방지 시스템 가동","특히, 65세 이상 어르신들이 노인병원 등 각종 병원에서 처방 받은 약, 건강 보조식품 등을 집에 보관한 채, 올바른 복약 방법을 제대로 인지하지 못하고 복약하는 등 어르신들의 약물 오?남용도 우려되고 있는 게...",http://www.ajunews.com/view/20170820153622511
70,스카이데일리,소비자입맛 맞춘 쌍방향 ‘솔루션 마케팅’ 활발,"식품업계는 식품이 건강과 밀접한 관련이 있는 만큼 소비자들이 깐깐하고 민감하게 제품을 고른다는 점에서 착안, 단순한 정보제공 차원을 넘어서 식품을 이용하면서 발생하는 고민에 대한 맞춤 해결을 위해 적극...",http://www.skyedaily.com/news/news_view.html?ID=64242
71,브릿지경제,"중소형 게임사, 사업다각화로 재기 노려","파티게임즈는 최근 바이오와 건강보조식품 시장에 진출하겠다고 나섰다. 파티게임즈는 지난 상반기 연결기준 영업손실과 당기순손실 각각 약 20억1400만원, 57억5000만원을 기록했으며 개별 영업이익은 10분기만에...",http://www.viva100.com/main/view.php?key=20170820010006999
72,대전일보,"서산 9경·9품·9미, 2017 소비자평가 No.1 브랜드 대상수상","시는 지역의 브랜드 가치를 높이기 위해 9개의 아름다운 자연과 건강한 식품, 맛좋은 음식의 이미지를 통일화해 서산9경·9품·9미 관광브랜드와 디자인을 개발했다. 디자인 중 9경은 자연의 절경을 상징할 수 있도록...",http://www.daejonilbo.com/news/newsitem.asp?pk_no=1276605
73,중부매일,"자연그대로컴퍼니와 태성산업, 충주시와 투자협약",자연그대로컴퍼니(주)는?지난?6월?설립된?회사로?과채류와?액상류?등?다양한?동결건조?경험을?바탕으로?건조과채류와?건강기능식품을?생산하는?업체다. 또?당뇨에?유익한?뽕잎을?이용한?다양한?제품...,http://www.jbnews.com/news/articleView.html?idxno=807264
74,불교공뉴스,강원도 6차산업 우수제품 상설판매장 수도권 개장,"이번 행사에는 전통장류, 수리취떡, 건강기능식품 등 21개 업체 152개 제품이 참여하며, 코너별 시식 과 품목별 할인, 선착순 경품증정 이벤트 등을 마련해 도시 소비자가 강원도 6차산업 제품의 맛과 품질의 우수성을 직접...",http://www.bzeronews.com/news/articleView.html?idxno=316058
75,경남도민일보,한국생활개선경남연합회 '우리 쌀 소비촉진 행사' 개최,"도 농업기술원 김동주 국장은 ""쌀의 날을 맞아 소비자들에게 쌀의 우수한 가치를 다시 한 번 인식시키기 위해 행사를 열었다""며 ""간편화된 식생활에 적합한 쌀 가공식품으로 건강도 챙기고 우리 쌀 소비에도 도움이...",http://www.idomin.com/?mod=news&act=articleView&idxno=545568
76,중부매일,"서산시, 문화관광브랜드 '대상' 수상","시는?지역의?브랜드?가치를?높이기?위해?9개의?아름다운?자연과?건강한?식품,?맛좋은?음식의?이미지를?통일화해?서산9경·9품·9미?관광브랜드와?디자인을?개발했다. 디자인?중?9경은?자연의?절경을...",http://www.jbnews.com/news/articleView.html?idxno=807348
77,뉴스토마토,프로바이오틱스 2천억 육박…시장 경쟁 치열,"단순 건강기능식품 개발에서 벗어나 과민성 대장 증후군, 장누수 증후군, 염증성 장질환, 아토피, 여드름, 골다공증 등 치료제 목적으로 프로바이오틱스 영역 확대를 꾀하고 있다. ? CJ제일제당은 2013년 자체 개발...",http://www.newstomato.com/ReadNews.aspx?no=772376
78,천지일보,"갤러리아백화점 ""추석 선물세트 예약판매전""","갤러리아 예약판매 품목은 배, 사과 등 농산 60품목, 한우 등 정육 12품목, 굴비, 갈치 등 수산 17품목, 건강식품 43품목 등 총 221개 품목으로 지난 추석 예약판매 선물 195개 품목에서 13% 확대했다. 지난 추석과 비교해...",http://www.newscj.com/news/articleView.html?idxno=444241
79,광남일보,수능 얼마 안 남았다…맞춤형 제품 인기↑,<@1><@2>수능 얼마 안 남았다…맞춤형 제품 인기↑ 롯데 광주점 1~20일 건강식품 매출 전년比 20%↑ 홍삼·비타민·유산균 등 …31일까지 최대 30% 할인 수능이 88일 앞으로 다가온 가운데 맞춤형 제품이 출시되면서 이를...,http://www.gwangnam.co.kr/read.php3?aid=1503218000265262069
80,아시아경제,롯데백화점 광주 '수능생 맞춤형 건강식품 선보여',사진=롯데백화점 광주 수능 D-day 두자리 돌입 …건강식품 맞춤형 홍삼 ·유산균 ·오메가3 인기 건강코너 수험생 맞춤 건강식품 이달 말까지 최대 30% 할인행사 진행 [ 2018학년도 대학수학능력시험 100일인 지난 8일을...,http://www.asiae.co.kr/news/view.htm?idxno=2017082018255800344
81,충남일보,"서산9경·9품·9미, 2년 연속 소비자평가 No.1 브랜드 대상","시는 지역의 브랜드 가치를 높이기 위해 9개의 아름다운 자연과 건강한 식품, 맛좋은 음식의 이미지를 통일화해 서산9경ㆍ9품ㆍ9미 관광브랜드와 디자인을 개발했다. 디자인 중 9경은 자연의 절경을 상징할 수 있도록...",http://www.chungnamilbo.com/news/articleView.html?idxno=412797
82,아크로팬,"글램디, ‘글램디 엑서사이즈 부스터’ 런칭",‘글램디 엑서사이즈 부스터’는 운동수행능력 향상에 도움이 되는 건강기능 식품으로 식약처로부터 인증받은 ‘크레아틴’이 함유되어 운동 시 신체에 활력을 더해준다. 평소 다양한 스포츠 활동이나 근력운동을...,http://www.acrofan.com/ko-kr/detail.php?number=59038&thread=AA09
83,천지일보,"AK플라자, 25일부터 추석선물 예약판매 돌입","온라인 및 모바일 주문이 매년 증가함에 따라 온라인 인기 아이템인 건강기능식품, 통조림, 쿠키 등의 품목도 확대 구성했다. 서울, 경기지역의 경우 AK플라자에서 직접 방문 배송하는 맞춤배송서비스를 제공하며...",http://www.newscj.com/news/articleView.html?idxno=444246
84,중부매일,"""곤충 맛을 알아야 식용 곤충산업도 발전합니다""","제조시설을?갖춘?이더블버그는?현재?직접?제조한?과자?8종,?건조·분말?6종,?선식?형태의?파우더?1종,?다른?업체에서?만든?소면?2종과?건강식품?2종을?'이더블?카페'에서?판매하고?있다. 서울시?서초구...",http://www.jbnews.com/news/articleView.html?idxno=807421
85,서울신문,[그때의 사회면] 불량 식품 범람(2),살충제나 농약이 잔류한 식품은 건강을 해치는 정도가 아니라 생명을 위협하므로 보통 문제가 아니다. 수십 년 전 또는 그 이전에는 잔류 농약에 대한 기준이나 엄격한 법규가 없었기에 위해 식료품들이 넘쳐났지만...,http://www.seoul.co.kr/news/newsView.php?id=20170821026006&wlog_tag3=naver
86,충청매일,"충주시, 자연그대로컴퍼니·태성산업과 투자협약","서충주신도시에 둥지를 틀 자연그대로컴퍼니는 지난 6월에 설립된 회사로 과채류, 액상류 등 다양한 동결건조 경험을 바탕으로 건조과채류와 건강기능식품을 생산하는 업체이다. 또 당뇨에 유익한 뽕잎을 이용한...",http://www.ccdn.co.kr/news/articleView.html?idxno=475704
87,충청매일,'서산9경·9품·9미' 소비자평가 No.1 브랜드 대상,"시는 지역의 브랜드 가치를 높이기 위해 9개의 아름다운 자연과 건강한 식품, 맛좋은 음식의 이미지를 통일화해 서산9경ㆍ9품ㆍ9미 관광브랜드와 디자인을 개발했다. 디자인 중 9경은 자연의 절경을 상징할 수 있도록...",http://www.ccdn.co.kr/news/articleView.html?idxno=475709
88,일요신문,더덕 먹고 힘내는 날…횡성더덕축제 다음달 15~17일,횡성더덕은 전국 더덕 생산량의 26%를 차지하고 있으며 사포닌과 인우린이 풍부해 면역력 형성 및 원기충전에 뛰어나 건강식품으로 알려져 있다. ?? 김홍섭 횡성더덕축제위원장은 “이번 축제를 통해 온 가족 최고의...,http://ilyo.co.kr/?ac=article_view&entry_id=264537
89,충청투데이,서산 9경·9품·9미 소비자평가 브랜드 ‘대상’,"시는 지역의 브랜드 가치를 높이기 위해 9개의 아름다운 자연과 건강한 식품, 맛좋은 음식의 이미지를 통일화해 서산9경·9품·9미 관광브랜드와 디자인을 개발했다. 디자인 중 9경은 자연의 절경을 상징할 수 있도록...",http://www.cctoday.co.kr/?mod=news&act=articleView&idxno=1080644
90,충청투데이,충주메가폴리스산단에 업체 2곳 추가 입주,"이날 투자협약을 맺는 자연그대로컴퍼니㈜는 지난 6월 설립된 회사로 과채류, 액상류 등 다양한 동결건조 경험을 바탕으로 건조과채류와 건강기능식품을 생산하는 업체이다. 또한 당뇨에 유익한 뽕잎을 이용한 다양한...",http://www.cctoday.co.kr/?mod=news&act=articleView&idxno=1080739
91,충청타임즈,서산9경·9품·9미 `넘버원',"시는 지역의 브랜드 가치를 높이기 위해 9개의 아름다운 자연과 건강한 식품, 맛좋은 음식의 이미지를 통일화해 서산9경·9품·9미 관광브랜드와 디자인을 개발했다. 디자인 중 9경은 자연의 절경을 상징할 수 있도록...",http://www.cctimes.kr/news/articleView.html?idxno=501349
92,충청타임즈,서충주신도시 기업유치 활발,"자연그대로컴퍼니㈜는 과채류, 액상류 등 다양한 동결건조 경험을 바탕으로 건조과채류와 건강기능식품을 생산하는 업체이다. 당뇨에 유익한 뽕잎을 이용한 다양한 제품 개발능력을 보유함으로써 당뇨특화도시...",http://www.cctimes.kr/news/articleView.html?idxno=501332
93,경기신문,"""올 추석 선물 미리미리 준비하세요""","추석명절 인기선물 상품으로는 갤러리아백화점에서만 판매하는 '강진맥우' 한우세트를 비롯해 영광굴비, 친환경과일세트가 20~10% 할인판매되며, 이외 건강식품, 생활용품은 최대 55%까지 할인된 가격으로 판매된다....",http://www.kgnews.co.kr/news/articleView.html?idxno=491342
94,한국경제TV,"글램디, 건강한 몸매 위한 ‘글램디 엑서사이즈 부스터’ 출시",‘글램디 엑서사이즈 부스터’는 운동수행능력 향상에 도움이 되는 건강기능 식품으로 식약처로부터 인증받은 ‘크레아틴’이 함유되어 운동 시 신체에 활력을 더해준다. 평소 다양한 스포츠 활동이나 근력운동을...,http://www.wowtv.co.kr/newscenter/news/view.asp?bcode=T30001000&artid=A201708200048
95,이뉴스투데이,"횡성더덕축제, 9월15일 개최",김홍섭 횡성더덕축제위원장은 “전국 더덕생산량의 26%를 차지하는 횡성더덕은 사포닌과 인우린이 풍부해 면역력 형성과 원기 충전에 좋고 특히 미세먼지와 황사 해독 작용이 뛰어난 건강식품이다”며 “더덕을 늘...,http://www.enewstoday.co.kr/news/articleView.html?idxno=1099715
96,충청일보,서충주신도시에 기업 2곳 유치,지난 6월 설립된 자연그대로컴퍼니는 다양한 과채류와 액상류 동결건조 기술을 바탕으로 건조과채류와 건강기능식품을 생산하는 업체다. 다양한 뽕잎 활용 제품 개발능력을 보유하고 있어 당뇨특화도시 충주시와...,http://www.ccdailynews.com/news/articleView.html?idxno=935362
97,경상일보,"건보공단 부산본부, 부산시약사회와 'BYE 약물 오·남용' 사업 진행","'BYE 약물 오·남용' 사업은 어르신들이 집에 보관중인 병원 처방약, 건강보조 식품 등에 대한 올바른 복약 상담을 통해 약물 오·남용을 방지하기 위해 마련됐다. 어르신들의 건강한 삶을 위하고 약제비 절감을...",http://www.ksilbo.co.kr/news/articleView.html?idxno=608868
98,동양일보,서산시 문화관광브랜드 전국 '으뜸',"시는?지역의?브랜드?가치를?높이기?위해?9개의?아름다운?자연과?건강한?식품,?맛좋은?음식의?이미지를?통일화해?서산9경ㆍ9품ㆍ9미?관광브랜드와?디자인을?개발했다. 시는?이렇게?제작한?브랜드...",http://www.dynews.co.kr/news/articleView.html?idxno=357113
99,로이슈,"갤러리아백화점, '추석 선물세트 예약판매' 실시","갤러리아 예약판매 품목은 배, 사과 등 농산 60품목, 한우 등 정육 12품목, 굴비, 갈치 등 수산 17품목, 건강식품 43품목 등 총 221개 품목으로 지난 추석 예약판매 선물 195개 품목에서 13% 확대했다. 지난 추석과...",http://www.lawissue.co.kr/news/articleView.html?idxno=201708202214489314d7f4c63cc6_12
100,경인일보,"""인천 中企, 해외판로 기회잡자""","뷰티(미용·화장품 등), 건강, 식품, 일반소비재, 생활가전/잡화, LED램프, LED조명기구 등을 생산하는 기업에는 귀가 솔깃한 소식이다. 신청 기한은 오는 31일까지다. 2017 해외 바이어 초청 수출 상담회(IN-TRADE PLAZA 2017...",http://www.kyeongin.com/main/view.php?key=20170820010005979
101,대한급식신문사,[영광군 대표특산품 <5> -모싯잎송편],"영광군 관계자는 ""모싯잎송편은 옛날 어머니가 직접 만들었던 정성어린 손길처럼 직접 수작업으로 하나하나 만들어 생산하고 있다""며 ""젊은 층에는 옛 선조들의 지혜가 담긴 전통 건강식품을 접할 수 있는 기회를...",http://www.fsnews.co.kr/news/articleView.html?idxno=22250
102,경남일보,"생활개선경남도연합, ""우리쌀 사랑해주세요""","김동주 농업기술원 국장은 ""쌀의 날을 맞아 소비자들에게 쌀의 우수한 가치를 다시 한 번 인식시키고 간편화된 식생활에 적합한 쌀 가공식품으로 건강도 챙기고 우리 쌀 소비에도 도움이 되었으면 한다""고 말했다. 한편...",http://www.gnnews.co.kr/news/articleView.html?idxno=306100
103,중앙일보,"[건강한 가족] 아홉 번 찌고 말린 흑삼, 몸속 흡수 잘 되고 항염·항산화 효과↑",흑삼이 미국에서도 안전한 건강기능식품 원료로 인정받은 셈이다. 흑삼을 먹는 방법은 다양하다. 직접 달여 먹거나 진액·분말·절편 형태로 섭취할 수 있다. 이 중 진액은 흑삼을 물을 비롯한 용매에 녹인 뒤 졸여...,http://news.joins.com/article/olink/21450452
104,중앙일보,[건강한 가족] 눈 영양소 골고루···28일까지 할인행사,"종근당건강은 눈 건강을 위한 건강기능식품 ‘아이클리어 올케어’(사진)를 출시했다. 피곤하고 지친 눈, 침침하고 뻑뻑한 눈을 개선하는 눈 건강 복합 솔루션 제품이다. 아이클리어 올케어에는 눈 건강에 필요한...",http://news.joins.com/article/olink/21450444
105,중앙일보,[건강한 가족] 소음인 양기 보하는 약 '침향',━ 김남선 원장의 한약 이야기 최근 여러 매체를 통해 침향(沈香)이 들어간 한약과 건강기능식품 등의 광고를 심심치 않게 볼 수 있다. 대중적으로 잘 알려진 공진단의 경우 가격이 비싼 정품 사향 대신 침향이 들어간...,http://news.joins.com/article/olink/21450453
106,중앙일보,[건강한 가족] 한국인 맞춤형 프로바이오틱스 제품 할인판매,종근당건강은 중·장년층을 위한 프로바이오틱스(유산균) 건강기능식품 ‘락토핏 장수미락’(사진)을 출시했다. 프로바이오틱스는 장내 유익균 증가와 유해균 감소에 도움을 준다. ‘락토핏 장수미락’은 노화에...,http://news.joins.com/article/olink/21450455
107,강원도민일보,도 6차산업 우수제품 상설매장 수도권서 운영,"이날 행사장에는 전통장류와 수리취떡,건강기능식품 등을 판매하는 도내 21개 업체가 참가해 수도권 소비자들로부터 큰 호응을 얻었다.152개 제품의 할인행사와 시식행사 및 경품증정 이벤트도 진행됐다. 김도운",http://www.kado.net/?mod=news&act=articleView&idxno=869497
108,한국금융신문,"홈플러스, 100만원 이상 8% 추가할인","특히 오는 31일까지는 신선식품, 가공식품, 건강, 위생용품세트 등 단일품목 기준 100만원 이상 대량구매 고객을 대상으로 최대 8%까지 추가 할인을 제공하는 것이 특징이다. 홈플러스는 추석선물세트를 사전예약 구매...",http://www.fntimes.com/paper/view.aspx?num=186919
109,한국금융신문,"이마트, 캐비어·민어 선물하세요","예약 판매 품목은 배, 사과, 곶감 등 농산 27품목, 한우 등 축산 30품목, 굴비, 갈치 등 수산 16품목, 건강식품 24품목 등 총 177가지 품목이다. 이 기간에 구매하면 정상가격 대비 최대 75% 가량 저렴한 가격에 살 수 있고...",http://www.fntimes.com/paper/view.aspx?num=186921
110,서울신문,[발효 음식 이야기] 3000년 묵은 숙성의 지혜… 세계인 건강 지키는 ‘발효 한류’,"이런 효능을 인정받아 김치는 2008년 미국의 건강전문지 ‘헬스’(Health)가 선정한 ‘세계 5대 건강식품’에 스페인 올리브오일, 일본 콩, 그리스 요거트, 인도 렌틸과 함께 이름을 올리기도 했다. ●1g당 유산균 1억개...",http://www.seoul.co.kr/news/newsView.php?id=20170821017001&wlog_tag3=naver
111,한국일보,"‘밀집의 저주’ 바꿀 사육환경표시제도, 관건은 가격",소비자들은 이런 표시를 보고 가격이 더 비싸더라도 동물복지사육을 지지하거나 건강한 식품을 소비하기 위해 해당 제품을 선택한다. 사육환경표시제도를 도입해야 한다는 목소리는 수년 전부터 있었다. 동물복지...,http://www.hankookilbo.com/v/ab4dc4d2bb3c495d8536fdda69138483
112,대전투데이,"서산9경·9품·9미, '소비자평가 브랜드 대상'수상","시는 지역의 브랜드 가치를 높이기 위해 9개의 아름다운 자연과 건강한 식품, 맛좋은 음식의 이미지를 통일화해 서산9경·9품·9미 관광브랜드와 디자인을 개발했다. 디자인 중 9경은 자연의 절경을 상징할 수 있도록...",http://www.daejeontoday.com/news/articleView.html?idxno=464314
113,국제뉴스,"강원도, 6차산업 우수제품 상설 판매장서 공격적 마케팅","이번 행사에는 전통장류, 수리취떡, 건강기능식품 등 21개 업체 152개 제품이 참여하며, 코너별 시식 과 품목별 할인, 선착순 경품증정 이벤트 등을 마련해 도시 소비자가 강원도 6차산업 제품의 맛과 품질의 우수성을 직접...",http://www.gukjenews.com/news/articleView.html?idxno=767959
114,무등일보,수능 코 앞 '찹쌀떡 대신 건강식품' 인기,특히 이 시기 수능 성적에 결정적인 영향을 줄 수 있는 중요한 때인 만큼 자녀의 컨디션을 최상으로 유지 할 수 있도록 돕는 맞춤형 건강식품이 수험생 부모들로부터 인기를 끌고 있다. 20일 롯데백화점 광주점에...,http://www.honam.co.kr/read.php3?aid=1503241200533191005
115,광주일보,위기의 천일염 구하기 … 신안군 소금박람회,"특히 주최측은 이번 박람회를 계기로 천일염의 식품 활용 뿐 아니라 건강한 삶을 살기위한 천일염의 중요성, 일상 생활에서의 다양한 활용방안 등을 알려 소비자들이 천일염을 믿고 즐겨 찾을 수 있는 분위기를...",http://www.kwangju.co.kr/read.php3?aid=1503241200611563154
116,뉴스엔,[결정적장면]‘아버지가이상해’ 홈쇼핑 매진 류화영 쇼호스트 되나?,요가강사에서 건강식품 매장 아르바이트로 일했지만 뚜렷한 목표나 꿈이 없던 변라영이 홈쇼핑 방소을 통해 새로운 꿈과 직업을 찾을 수 있을지 흥미를 더했다. (사진=KBS 2TV ‘아버지가 이상해’ 캡처) 뉴스엔,http://www.newsen.com/news_view.php?uid=201708210609311710
117,약사공론,"""한약을 알면 진정한 상담 전문가 될 수 있다""","그는 ""의약품의 개발, 제조, 유통, 마케팅, 홍보, 약국에서의 판매와 조제 등 모든 분야에서 한약제제, 건강기능식품, 천연물에 대한 이해는 기본이 된다""며 ""약대생과 새내기 약사들이 이 시대의 주인공으로 자리매김하는데...",http://www.kpanews.co.kr/article/show.asp?idx=83722&table=column&category=A
118,폴리뉴스,"생방송 아침이 좋다, 일삼열애 효능, 태연 자카르타 공항서 봉변!, 묻지 마 캡사이신 테러 둥 21일 방송 정보","▶ 인삼, 열매도 좋다 대표 건강식품인 '인삼'. 우리가 흔히 먹는 것은 뿌리. 그런데 뿌리 못지않게, 뿌리보다 더 영양소가 풍부한 부위가 있다. 바로 열매! 인삼 열매에 대해선 잘 알려지지 않아 생소하다. 인삼 열매는...",http://www.polinews.co.kr/news/article.html?no=325257
119,데일리팜,부작용이 적고 수면에 긍정적 도움을 주는 생약,"각 나라에서 자체적인 전통 의학의 경험이나 기록 등으로부터 근거하여 주요 질환과 증상에 대한 보조적인 치료제로 사용되었고, 유럽과 미국에서는 OTC(일반의약품)나 건강보조식품으로 분류되어왔다....",http://www.dailypharm.com/News/229948
120,광주매일신문,"백화점, 수능생 건강식품 매출 ‘쑥’",2018학년도 대학수학능력시험을 80여일을 앞두고 수험생들의 건강 컨디션을 챙기기 위해 맞춤형 건강식품을 찾는 소비자가 늘고 있다. 20일 롯데백화점 광주점에 따르면 지난 1일부터 이날까지 건강코너 매출을...,http://www.kjdaily.com/read.php3?aid=1503221901416122004
121,중도일보,"고흥군, 쌀 소비 촉진 행사 개최",군 농업기술센터 관계자는 “최근 미국과 유럽에서는 건강식품으로 쌀에 대한 관심이 증가하고 있다”며 “이번 행사로 국민들이 쌀의 가치를 다시 한 번 깨닫고 다양한 식품으로 변신한 쌀의 소비 촉진으로 벼농가의...,http://www.joongdo.co.kr/jsp/article/article_view.jsp?pq=201708210166
122,영남일보,문경 오미자 제품 美 수출길 오른다,"조성사업 등을 통해 문경오미자 산업을 체계적으로 육성해오고 있다. 그 결과 건강기능식품, 향장제품, 의약품, 식품첨가제 등으로 소비 저변을 확대하고 판로를 확대하는 성과를 거두고 있다. 남정현기자 namun@yeongnam.com",http://www.yeongnam.com/mnews/newsview.do?mode=newsView&newskey=20170821.010090727090001
123,뉴스토마토,(피플)박영철 바이오리더스 대표 “세계적인 바이오벤처기업이 될 것”,신약개발 기술로서 이미 안전성 및 유효성을 임상적으로 검증받고 있는 휴마맥스 기술의 핵심소재인 γ-PGA를 이용한 건강기능식품 및 병원용 화장품 제품을 개발해 제품사업을 하고 있습니다. γ-PGA를 활용한...,http://www.newstomato.com/ReadNews.aspx?no=772673
124,경남도민신문,"생활개선경남도聯, 우리쌀 소비촉진 행사 개최","도농업기술원 김동주 국장은 ""쌀의 날을 맞아 소비자들에게 쌀의 우수한 가치를 다시 한 번 인식시키고, 간편화된 식생활에 적합한 쌀 가공식품으로 건강도 챙기고 우리 쌀 소비에도 도움이 되었으면 한다""고 행사...",http://www.gndomin.com/news/articleView.html?idxno=148283
125,경남도민신문,중국인증획득지원 對중 수출 보호무역 극복,"고위험군은 의료기기(1등급 제외), 특수, 영유아 화장품, 보건식품(건강기능식품), 차이나 Reach, 비료·소독제 등록의 경우이며 저위험군의 경우는 지원제품 분야 중 고위험군 이외의 제품군이다. 신청 및 접수는...",http://www.gndomin.com/news/articleView.html?idxno=148279
126,아크로팬,"고려인삼공사, 차가버섯ㆍ후코이단 ‘지인 찬스 이벤트’ 실시","'지인찬스 이벤트'는 불경기 상황에서 건강식품 구매에 대한 부담을 느끼는 소비자들에게 보다 기회를 제공하고자 마련됐다. 기존 회원이 고려인삼공사 제품을 지인에게 추천 시, 소개해준 지인과 소개받은 지인 모두에게...",http://www.acrofan.com/ko-kr/detail.php?number=59047&thread=AA09
127,라포르시안,[칼럼] '살충제 계란 파문' 공중보건 문제로 인식하고 대처해야,"식품안전과 건강의 문제가 이렇게 연결되면, 두 시스템은 긴밀하게 협력하거나 통합적인 것이어야 한다. ...""비브리오균 관련 질병이 확산하는 것을 예방하기 위해 수산물 안전관리를 단계적으로 실시하겠다고...",http://www.rapportian.com/news/articleView.html?idxno=105561
128,뉴스메이커,"순창군, 전통발효식초 활용 산업화길 연다!","황숙주 군수는 '최근 우리 전통식초가 웰빙 건강식품으로 널리 인식되고 있다""면서 ""순창은 발효기술을 토대로 다양한 농축식초, 과일식초 등을 육성해 전통식초의 산업화에 길을 열어 나가겠다""고 말했다. 한편 순창 (재)...",http://www.newsmaker.or.kr/news/articleView.html?idxno=48825
129,뉴스메이커,"고흥군, 쌀의 날 기념해 이색 행사 가져","군 농업기술센터 관계자는 ""최근 미국과 유럽에서는 건강식품으로 쌀에 대한 관심이 증가하고 있다""며, ""이번 행사로 국민들이 쌀의 가치를 다시 한 번 깨닫고, 다양한 식품으로 변신한 쌀의 소비 촉진으로 벼농가의 소득...",http://www.newsmaker.or.kr/news/articleView.html?idxno=48784
130,조선일보,"비즈왁스알코올, 胃 점액 늘려 속쓰림 완화",위식도 역류질환 등의 위장장애를 완화하려면 위 점액량을 늘리는 비즈왁스알코올 성분 건강기능식품을 먹는 게 도움이 된다. /우리레인보우 제공 평소 위 속 점액이 잘 분비되게 하는 건강기능식품을 먹는 것도 도움이...,http://health.chosun.com/site/data/html_dir/2017/08/20/2017082001010.html
131,아시아뉴스통신,'문경오미자' 미국 수출길...4년간 23억원,"또 문경시는 전국 유일의 오미자산업특구 지정, 공동브랜드 '레디엠' 상표등록, 농식품부 오미자산업지구 조성사업 등을 통해 건강기능식품과 향장제품, 의약품, 식품첨가제 등으로 저변을 확대하고 판로를...",http://www.anewsa.com/detail.php?number=1208577&thread=09r02
132,조선일보,오메가3·로르산이 한 알에… 전립선·혈행 건강 개선 효과,종근당건강이 이런 오메가3지방산이 함유된 건강기능식품인 '프로메가 액티브맨'의 할인 행사를 진행한다. '프로메가 액티브맨'은 오메가3지방산과 함께 전립선 건강에 좋은 로르산까지 함유돼 남성 전립선 건강에...,http://health.chosun.com/site/data/html_dir/2017/08/20/2017082000992.html
133,조선일보,"HDL 늘리는 '폴리코사놀' 섭취하고, 생선·견과류 식단 차려야","약이나 건강기능식품에 대한 연구가 많아지는 추세""라고 말했다. 최근에는 좋은 콜레스테롤인 HDL을 높여 나쁜 콜레스테롤인 LDL을 자연스럽게 낮춰주는 약이나 건강기능식품에 대한 연구가 활발히 이뤄지고 있다....",http://health.chosun.com/site/data/html_dir/2017/08/20/2017082000989.html
134,조선일보,'천연 유황'과 35가지 한약재… 관절 통증 완화 효과,/자연내림 제공 관절 건강에 도움이 되는 건강기능식품을 꾸준히 먹어보자. 자연내림의 '호관원 프리미엄'은 관절에 좋은 성분인 MSM(식용 천연 유기 유황 성분)을 사용해 만든 건강기능식품이다. MSM은...,http://health.chosun.com/site/data/html_dir/2017/08/20/2017082000975.html
135,메디칼업저버,"""간염환자에게 약은 다른 질환에 비해 더 중요해""","한 원장은 ""간염 환자들은 간견병이나 간암 발병을 막기 위해서라도 약을 꾸준히 먹는 것이 중요하다""면서 ""하지만 환자 중에는 검증되지 않은 일부 건강기능식품을 복용하는 경우가 있는데 오히려 간에 손상을 줄 수 있다...",http://www.monews.co.kr/news/articleView.html?idxno=104595
136,메디칼업저버,GLP-1 제제에 비만 적응증을 허하다,"이?약물은?인슐린과?동일하게?생겼는데?국내?인슐린?사용률에서?엿볼?수?있듯?건강기능식품도?많고,?경구제도?많은데?굳이?주사까지?맞으면서?살을?빼야?할까?하는?인식이?강하다면?GLP-1?제제...",http://www.monews.co.kr/news/articleView.html?idxno=104671
137,이데일리,'크레아틴' 함유 글램디 엑서사이즈 부스터 출시,- 다이어트 및 헬스 도와주는 건강기능 식품 다이어트 브랜드 글램디는 건강기능 식품인 ‘글램디 엑서사이즈 부스터’를 출시한다고 21일 밝혔다. ‘글램디 엑서사이즈 부스터’는 식약처로부터 인증받은 ‘크레아틴’...,http://www.edaily.co.kr/news/newspath.asp?newsid=01951606616029616
138,헤럴드경제,[먹거리 포비아]안심하고 먹을 게 없는 세상…‘살충제 계란’에서 햄버거ㆍ과자까지 안전공포 확산,한국소비자원은 당시 홈쇼핑 등에서 선풍적인 인기를 끌던 건강기능식품 백수오관련 제품 상당수에 식품 원료로 인정되지 않고 인체에 유해한 이엽우피소가 섞여 있다고 발표했다. 이 발표로 대량 환불 사태가 일어나...,http://news.heraldcorp.com/view.php?ud=20170821000145
139,프라임경제,"갤러리아백화점, 추석선물세트 사전 예약판매 진행","갤러리아 예약판매 품목은 배, 사과 등 농산 60품목, 한우 등 정육 12품목, 굴비, 갈치 등 수산 17품목, 건강식품 43품목 등 총 221개 품목으로 지난 추석 예약판매 선물 195개 품목에서 13% 확대했다. 지난 추석과 비교해...",http://www.newsprime.co.kr/news/article.html?no=385304
140,연합뉴스,"""호두, 식욕 억제""","연구팀은 이와 동시에 먹고 싶지만, 건강에 바람직하지 않은 식품(햄버거, 케이크 등), 별로 먹고 싶지 않지만, 건강에 도움이 되는 식품(채소 등), 먹지 못하는 것(돌, 꽃 등)을 보여주면서 기능성 MRI로 뇌의...",http://app.yonhapnews.co.kr/YNA/Basic/SNS/r.aspx?c=AKR20170821044200009&did=1195m
