제품명,가격,,평균가격,최댓값,최솟값
[노브랜드] 굿밀크 우유 1L,"1,680",,"4,666","18,500",550
[노브랜드] 깨끗한 물티슈 100매,800,,,,
[노브랜드] 미네랄 워터 생수 2L x  6개입,"2,520",,,,
[노브랜드] 미네랄 워터 생수 500ml x 30개입,"5,980",,,,
[노브랜드] 자색 고구마 칩 스낵 110g,"1,180",,,,
[노브랜드] 감자 칩 사워 크림 & 어니언 110g,980,,,,
[노브랜드] 감자 칩 오리지날 110g,890,,,,
[노브랜드] 냉동 돈 삼겹살 바로구이(1kg),"9,900",,,,
[노브랜드] 떡볶이 402.5g,"2,980",,,,
[노브랜드] 마시는 요구르트 65ml * 15개입,"1,180",,,,
[노브랜드] 그릴 닭가슴살 140g,"1,980",,,,
[노브랜드] 쌀밥 한 공기 즉석밥 210g,680,,,,
[노브랜드] 한입 비엔나 소시지 500g,"4,580",,,,
[노브랜드] 버터 쿠키 400g,"2,980",,,,
[노브랜드] 테이크 아웃 일회용 종이컵 380ml/25P,"1,580",,,,
[노브랜드] 맛있는 군밤 100g＊2,"3,980",,,,
[노브랜드] 인절미 스낵 130g,"1,380",,,,
[노브랜드] 바삭 냉동 군 만두 1kg,"3,780",,,,
[노브랜드] 초코 웨이퍼롤 115g,980,,,,
[노브랜드] 쫀득한 치즈스틱 1kg,"7,980",,,,
[노브랜드] 아몬드 크랜베리 시리얼 630g,"4,980",,,,
[노브랜드] 굿밀크 저지방 우유 1L,"1,880",,,,
[노브랜드] 냉동 닭가슴살 1kg,"5,250",,,,
[노브랜드] 오렌지 주스 1.5L,"1,780",,,,
[노브랜드] 제주 감귤 주스 1.5L,"1,680",,,,
[노브랜드] 알로에 주스 1.5L,"1,680",,,,
[노브랜드] 참기름과 들기름으로 구운 우리 재래 김,"5,280",,,,
[노브랜드] 냉동 차돌박이 바로구이 소고기 (600g),"15,800",,,,
[노브랜드] 김 자반 65g,"2,680",,,,
[노브랜드] 한입 떡 갈비 700g,"6,180",,,,
[노브랜드] 크라비 맛살 150g,"1,380",,,,
[노브랜드] 냉동 딸기 1.3kg,"5,980",,,,
[노브랜드] 매일 채움 견과 20g * 20개입,"9,800",,,,
[노브랜드] 습기 제거제 8P,"6,600",,,,
"[노브랜드] 물 만두 1,000g","5,680",,,,
[노브랜드] 슈레드 모짜렐라 치즈 100g*8,"11,980",,,,
[노브랜드] 순살 치킨 너겟 800g,"5,380",,,,
[노브랜드] 도시락 김 20봉,"5,480",,,,
[노브랜드] 3겹 천연 펄프 두루마리 화장지 27M  30롤,"10,900",,,,
[노브랜드] 냉동 닭안심 1kg,"5,980",,,,
[노브랜드] 팝콘 100g,"1,180",,,,
[노브랜드] 왕소라형 과자 300g,"1,580",,,,
[노브랜드] 초코링 시리얼 570g,"3,980",,,,
[노브랜드] 찰진 순대 1kg,"3,980",,,,
[노브랜드] 간장 떡볶이 402.5g,"2,980",,,,
[노브랜드] 위생백 (중) 200매,"1,980",,,,
노브랜드 오렌지 쇼콜라 케익 600g,"9,580",,,,
[노브랜드] 에센스 가득 하루 한 장 마스크팩 20입,"8,800",,,,
노브랜드 통안심치킨텐더550g,"5,480",,,,
[노브랜드] 닭가슴살 볶음밥 500g (250gx2봉),"3,980",,,,
[노브랜드] 전장 김 5봉,"4,380",,,,
[노브랜드] 요리에 한술 멸치 475g,"4,980",,,,
[노브랜드] 요리에 한술 쇠고기 475g,"4,980",,,,
노브랜드남성풋커버5족,"6,980",,,,
[노브랜드] 토너/세럼 2종 스킨 케어 세트,"18,400",,,,
[노브랜드] 양피골프 남성장갑 2매(23호),"9,980",,,,
[노브랜드] 양피골프 남성장갑 2매(22호),"9,980",,,,
[노브랜드] 계란 과자 250g,"1,980",,,,
[노브랜드] 밀크 초콜릿 100g,"1,180",,,,
[노브랜드] 다크 초콜릿 100g,"1,180",,,,
[노브랜드] 초코칩 쿠키 400g,"3,480",,,,
[노브랜드] 쌀 과자 달콤한 맛 315g,"2,380",,,,
[노브랜드] 웨이퍼 초코바 220g,"3,480",,,,
[노브랜드] 피넛 초코 바 252g,"2,680",,,,
[노브랜드] 고구마형 과자 300g,"1,580",,,,
[노브랜드] 까페 비스킷 과자 550g,"4,580",,,,
[노브랜드] 체다 치즈볼 스낵 370g,"4,780",,,,
[노브랜드] 참깨 스틱 과자 220g,"1,980",,,,
[노브랜드] 맛있는 젤리스틱 1003g,"6,580",,,,
[노브랜드] 젤리벨트 사과향 400g,"4,180",,,,
[노브랜드] 라면스낵250g,"1,980",,,,
[노브랜드] 피넛크런치쿠키283g,"1,980",,,,
[노브랜드] 핫 베이컨 칩 124g,"1,480",,,,
[노브랜드] 고소한 맛짱 스낵 360g,"1,980",,,,
[노브랜드] 담백한 통 감자 스틱 스낵 155G,"1,980",,,,
[노브랜드] 달콤한 꿀깨 맛 고구마 칩 스낵 205G,"1,980",,,,
[노브랜드] 바삭한 콘 칩 스낵 278G,"1,980",,,,
[노브랜드] 헤이즐넛 디핑 & 브레드 스틱 스낵  52g,980,,,,
[노브랜드] 자이언트 초콜릿 300g,"3,480",,,,
[노브랜드] 바닐라향 웨이퍼롤 115g,980,,,,
[노브랜드] 초코파이 12개입 468g,"2,380",,,,
[노브랜드] 당면 1kg,"3,980",,,,
[노브랜드] 바삭바삭 콘 스위트 시리얼 600g,"3,480",,,,
[노브랜드] 국수 소면 500g,990,,,,
[노브랜드] 콘오리지널바120g,"1,980",,,,
[노브랜드] 홈스타일 카레 (분말) 100g,"1,280",,,,
[노브랜드] 홈스타일 짜장 소스 100g,"1,280",,,,
[노브랜드] 라면 한그릇 115g5입,"2,280",,,,
[노브랜드] 홈스타일 크림 스프 100g,980,,,,
[노브랜드] 짬뽕라면 5개입,"2,980",,,,
[노브랜드] 짜장라면 5개입,"2,580",,,,
[노브랜드] 콘견과바 120g (30gx4개입),"2,480",,,,
[노브랜드] 콜드브루 아메리카노 커피 500ml,"1,780",,,,
[노브랜드] 솔솔 뿌려먹는 파마산 치즈 가루 블랜드 480g,"8,580",,,,
[노브랜드] 토마토 주스 1.5L,"1,680",,,,
[노브랜드] 두유 190ml*24입,"7,980",,,,
[노브랜드] 파인애플 소다 탄산 355ml,"2,580",,,,
[노브랜드] 소다 그레이프 탄산 음료 355ml6입,"2,580",,,,
[노브랜드] 콜라 탄산 355ml* 6입,"2,680",,,,
[노브랜드] 오렌지 소다 탄산 355ml*6,"2,680",,,,
[노브랜드] 식혜 음료 238ml*12,"4,580",,,,
[노브랜드] 사이다 탄산 355ml 6,"2,580",,,,
[노브랜드] 썬블라스트 망고 과일 음료 2000ml (200ml*10입),"2,980",,,,
[노브랜드] 썬블라스트 오렌지 주스2000ml(200ml*10입),"2,980",,,,
[노브랜드] 퓨어 플러스 마일드 워터 복숭아  1.5L,"1,580",,,,
[노브랜드] 퓨어 플러스 파워 에너지 자몽 1.5L,"1,580",,,,
[노브랜드] 퓨어 플러스 파워 에너지 레몬 주스 1.5L,"1,580",,,,
[노브랜드] 퓨어 플러스 파워 레몬향 음료 500ml,980,,,,
[노브랜드] 퓨어 플러스 파워에너지 자몽 음료 500ml,980,,,,
[노브랜드] 퓨어플러스 마일드 워터 복숭아 음료 500ml,980,,,,
[노브랜드] 포도 음료 주스 1.5L,"1,780",,,,
[노브랜드] 사과 주스 1.5L,"1,780",,,,
[노브랜드] 맛 좋은 감자 맛 전분 400g,"1,780",,,,
[노브랜드] 콩가루가 들어있는 들깨 가루 400g,"3,680",,,,
[노브랜드] 볶음 참깨 1kg,"8,680",,,,
[노브랜드] 정성가득 고추장 1kg,"3,680",,,,
[노브랜드] 정성가득 초 고추장 500g,"1,580",,,,
[노브랜드] 정성가득 진 간장 900ml,"1,780",,,,
[노브랜드] 정성가득 양조 간장 900ml,"2,080",,,,
[노브랜드] 정성 가득 된장 1kg,"2,580",,,,
[노브랜드] 정성가득 쌈장 500g,"1,580",,,,
[노브랜드] 고춧 가루 1kg,"11,380",,,,
[노브랜드] 스파게티 면 1kg,"1,980",,,,
[노브랜드] 홈스타일 팬케익 믹스 180g,"1,080",,,,
[노브랜드] 홈스타일 브라우니 믹스 180g,"1,080",,,,
[노브랜드] 홈스타일 머핀 믹스 180g,"1,080",,,,
[노브랜드] 홈스타일 로제 스파게티 소스 400g,"1,980",,,,
[노브랜드] 홈스타일 토마토 스파게티 소스 400g,"1,980",,,,
[노브랜드] 홈스타일 크림 스파게티 소스 400g,"1,980",,,,
[노브랜드] 정성 가득 춘장 200G *2입,"1,580",,,,
[노브랜드] 맛 좋은 치킨 튀김 가루 500g,"2,180",,,,
[노브랜드] 맛 좋은 튀김 가루 1kg,"1,680",,,,
[노브랜드] 맛 좋은 콩 국물 가루 500g,"3,680",,,,
[노브랜드] 맛좋은 부침 가루 1kg,"1,680",,,,
[노브랜드] 해바라기유 식용유 2L,"7,980",,,,
[노브랜드] 마카로니 1kg,"1,880",,,,
[노브랜드] 올리브유 식용유 2L,"15,980",,,,
[노브랜드] 신선한 데일리 마요네즈,"4,080",,,,
[노브랜드] 신선한 데일리 케찹 1kg,"2,780",,,,
[노브랜드] 홈스타일 돼지 불고기 양념 소스 300g,"1,580",,,,
[노브랜드] 홈스타일 소 불고기 양념 소스 300g,"1,580",,,,
[노브랜드] 홈스타일 갈비 찜 양념 소스 300g,"1,580",,,,
[노브랜드] 하얀 설탕 2kg,"2,580",,,,
[노브랜드] 갈색 설탕 2kg,"3,380",,,,
[노브랜드] 꽃 소금 1kg,"1,580",,,,
[노브랜드] 맛 소금 500g,"1,380",,,,
[노브랜드] 신안 천일염 2.5kg,"4,780",,,,
[노브랜드] 허브맛 솔트 천일염 50g,"1,740",,,,
"[노브랜드] 복숭아 홍차 120입 1,680g","9,880",,,,
[노브랜드] 유자 차 2kg,"7,980",,,,
[노브랜드] 알곡 옥수수 차 1kg,"3,280",,,,
[노브랜드] 생강 차 2kg,"7,980",,,,
[노브랜드] 콜롬비아 블렌드 원두 분쇄 커피 900g,"13,800",,,,
[노브랜드] 콜롬비아 수프리모 커피 티백 200g (5g * 40티백),"8,980",,,,
[노브랜드] 현미 녹차 티백 1.5g*200입,"8,980",,,,
[노브랜드] 레몬 홍차 음료 14g*120t,"9,880",,,,
[노브랜드] 둥굴레 차 200 티백,"8,980",,,,
[노브랜드] 라임 차 1kg,"4,980",,,,
[노브랜드] 매실 차 1kg,"4,980",,,,
[노브랜드] 까페 라떼 커피 50입,"7,980",,,,
[노브랜드] 카푸치노 커피 50입,"7,980",,,,
[노브랜드] 프라페 스트로베리 피치 30입,"8,580",,,,
[노브랜드] 프라페 초코 바나나 30입,"8,580",,,,
[노브랜드] 콜롬비아 에스프레소 블렌드 커피 원두 1kg,"14,800",,,,
[노브랜드] 녹차 밀크 티 10입 210g,"4,580",,,,
[노브랜드] 밀크 티 10입 220G,"4,580",,,,
[노브랜드] 메밀차 티백 1.5g 200개입,"7,980",,,,
[노브랜드] 딸기 잼 800g,"3,980",,,,
[노브랜드] 망고 잼 800g,"6,480",,,,
[노브랜드] 사과 잼 800g,"5,480",,,,
[노브랜드] 헤이즐넛 초코 크림 잼 400g,"3,280",,,,
[노브랜드] 담백한 살코기 참치 90g,"1,080",,,,
[노브랜드] 유자 마멀레이드 잼 500g,"3,980",,,,
[노브랜드] 살코기 참치 통조림 150g*3입,"5,280",,,,
[노브랜드] 맛있는 리얼팜 햄 통조림 340g,"3,480",,,,
[노브랜드] 리얼 런천미트 통조림 햄 340G,"2,980",,,,
[노브랜드] 피넛 버터 크런치 340g,"3,280",,,,
[노브랜드] 피넛 버터 크리미 340g,"3,280",,,,
노브랜드 야채참치(150gX3),"5,280",,,,
[노브랜드] 스위트콘 340g,980,,,,
[노브랜드] 믹스넛 견과류 800g,"9,980",,,,
[노브랜드] 참기름과 들기름으로 구운 우리 파래 김,"5,280",,,,
[노브랜드] 볶음 조림용 멸치 300g,"8,800",,,,
[노브랜드] 구운 김밥용 김 (10매),"1,780",,,,
[노브랜드] 아몬드 김 스낵 25g,"1,980",,,,
[노브랜드] 알래스카 자연산 훈제 연어 180g,"6,980",,,,
[노브랜드] 대구전 400g,"7,580",,,,
[노브랜드] 혼합 9곡 쌀 4kg,"8,800",,,,
[노브랜드] 무농약 현미 스틱 미숫가루,"8,980",,,,
[노브랜드] 유기농 한손 쏙 쌀과자 단호박 55g,"2,380",,,,
[노브랜드] 유기농 한손 쌀과자 자색 고구마 55g,"2,380",,,,
[노브랜드] 유기농 한손 쏙 쌀과자 백미 55g,"2,380",,,,
[노브랜드] 감자탕용 등 뼈 1.2kg,"4,280",,,,
[노브랜드] 냉동 양지 소고기 샤브샤브 (600g),"9,900",,,,
[노브랜드] 한입 고기 완자 700g,"5,480",,,,
[노브랜드] 교자 냉동 만두 1kg,"3,580",,,,
[노브랜드] 상큼한 딸기 아이스 크림 (대용량) 5L,"13,300",,,,
[노브랜드] 한입 동그랑 땡 700g,"4,380",,,,
"노브랜드 찰떡만두1,080g","7,980",,,,
[노브랜드] 냉동 왕 만두 980g,"5,680",,,,
"[노브랜드] 순 단호박 죽 1,080g","6,480",,,,
"[노브랜드] 순 단팥 죽 1,080g","6,480",,,,
[노브랜드] 우동 사리 1150g,"2,180",,,,
[노브랜드] 망고 소르베 아이스 크림 660ml,"3,980",,,,
[노브랜드] 초코 칩 아이스 크림 660ml,"3,980",,,,
[노브랜드] 밀크 아이스 크림 660ml,"3,980",,,,
[노브랜드] 매콤 낙지 볶음 밥 500g (250g*2),"4,180",,,,
[노브랜드] 통 새우 볶음밥 250g *2,"4,180",,,,
[노브랜드] 왕교자 냉동 만두 980g,"4,980",,,,
[노브랜드] 바삭한 잡채말이 튀김 850g,"3,980",,,,
[노브랜드] 김밥용 맛 단무지 550g,"1,880",,,,
[노브랜드] 치자 맛 단무지 500g,"2,580",,,,
[노브랜드] 쌈무 350g,"1,780",,,,
[노브랜드] 별미 포기 김치 3.5kg,"14,480",,,,
[노브랜드] 별미 맛 김치 1.9kg,"8,480",,,,
[노브랜드] 상큼한 감귤 젤리 푸딩 1kg,"5,480",,,,
[노브랜드] 달콤한 망고 푸딩 젤리 1kg,"5,480",,,,
[노브랜드] 상큼한 사과 푸딩 젤리 1kg,"5,480",,,,
[노브랜드] 진한 사골 곰탕 1000g,"3,680",,,,
[노브랜드] 치즈 크림 케익 590g,"9,980",,,,
[노브랜드] 초코 크림 케익 440g,"9,980",,,,
[노브랜드] 칼국수 생면 1kg,"2,580",,,,
[노브랜드] 떡볶이 떡 1kg,"1,980",,,,
[노브랜드] 떡국 떡1kg,"1,980",,,,
[노브랜드] 사각 어묵1kg,"3,380",,,,
[노브랜드] 종합 어묵 1kg,"3,880",,,,
[노브랜드] 간편한 유부 초밥 480g,"3,880",,,,
[노브랜드] 쫄깃한 사각 어묵 350g,"1,880",,,,
[노브랜드] 쫄깃한 모듬 어묵 450g,"2,480",,,,
[노브랜드] 그릴 프랑크 소시지 햄 500g,"4,580",,,,
[노브랜드] 리얼 햄 1kg,"6,980",,,,
[노브랜드] 아로마 퍼퓸 헤어 컬러 염색약 (자연갈색) 40g,"4,900",,,,
[노브랜드] 트라이탄 휴대 물병 600ml,"4,200",,,,
[노브랜드] 아로마 퍼퓸 헤어 컬러 염색약 (진한갈색) 40g,"4,900",,,,
[노브랜드] 깨끗한 안심 밀폐용기 3조,"11,900",,,,
[노브랜드] 장미목 수저 1인 세트,"3,300",,,,
[노브랜드] 오이 비누 150g*3입,"2,280",,,,
[노브랜드] 장미목 볶음스푼,"3,600",,,,
[노브랜드] 듀얼 꼼꼼 풋 파일,"7,800",,,,
[노브랜드] 장미목 뒤집개,"3,300",,,,
[노브랜드] 안심 쓱쓱 발 각질 면도기,"3,380",,,,
[노브랜드] 더 경제적인 주방 세제 4L,"3,980",,,,
[노브랜드] 더 경제적인 분말 세탁 세제 5KG,"4,900",,,,
[노브랜드] 더 경제적인 세탁 비누 450G,900,,,,
[노브랜드] 더 경제적인 세탁 표백 세제 3KG,"4,980",,,,
NB 노브랜드 다목적용 실리카겔,"4,900",,,,
[노브랜드] 다목적 세정 티슈 80매,"1,980",,,,
[노브랜드] 배수관 세척제 2L,"2,150",,,,
[노브랜드] 깨끗한 락스 4L,"3,300",,,,
[노브랜드] 무형광 액체 세탁 세제 3L 일반,"5,800",,,,
[노브랜드] 액체 세탁 세제 3L 드럼,"5,800",,,,
[노브랜드] 섬유 유연제 3L (허브 라벤더),"3,580",,,,
[노브랜드] 섬유 유연제 3L (로즈),"3,580",,,,
[노브랜드] 스마트 미용 티슈 180매*3개입,"2,500",,,,
[노브랜드] 팬티 라이너 90P (일반),"3,900",,,,
[노브랜드] 팬티 라이너 81P(롱),"3,900",,,,
[노브랜드] 시니어 돌봄 리필형 기저귀 패드 중형 30P,"6,900",,,,
[노브랜드] 시니어 돌봄 테잎형 기저귀 패드 20입,"8,900",,,,
[노브랜드] 팬티형 기저귀 특대형 32입 (공용),"8,900",,,,
[노브랜드] 팬티형 기저귀 대형 40입 (공용),"8,900",,,,
[노브랜드] 순면 감촉 생리대 대형 34P,"4,300",,,,
[노브랜드] 순면 감촉 생리대 중형 40P,"4,300",,,,
[노브랜드] 카모마일 베이비 물티슈 100매 6입 (캡),"9,980",,,,
[노브랜드] 보습 미용 무형광 사각 티슈 150매3입,"3,500",,,,
[노브랜드] 밴드형 기저귀  대형 42매,"8,400",,,,
[노브랜드] 밴드형 기저귀 중형 46매,"8,400",,,,
[노브랜드] 실크 감촉 생리대 중형 38P,"3,800",,,,
노브랜드 실크감촉110P(중형38P*2+대34P),"10,900",,,,
[노브랜드] 실크 감촉 생리대 대형 34P,"3,800",,,,
[노브랜드] 오버나이트 슈퍼 롱 생리대 20P,"5,000",,,,
[노브랜드] 헤어 트리트먼트 1000ml,"5,880",,,,
[노브랜드] 스피드 8 염모제 20g*3입 (자연갈색) 의약외품,"3,280",,,,
[노브랜드] 스피드 8 염모제 20g*3입 (진한갈색) 의약외품,"3,280",,,,
[노브랜드] 스피드 8 염모제 20g*3입 (흑색) 의약외품,"3,280",,,,
[노브랜드] 아로마 퍼퓸 헤어 컬러 염색약 (흑갈색) 40g,"4,900",,,,
[노브랜드] 치간 칫솔 0.4mm 50개입,"7,800",,,,
[노브랜드] 미세모 어린이 칫솔 2단계 4입 (3~5세),"2,380",,,,
[노브랜드] 표준형 일반 밴드 100매,"1,980",,,,
[노브랜드] 표준형 방수 밴드 100매 (의약외품),"4,880",,,,
[노브랜드] 초 극세모 칫솔 5입,"2,480",,,,
[노브랜드] 3중날 휴대용 면도기 (5개입),"1,580",,,,
[노브랜드] 남성용 4중 면도날 리필 (4개입),"4,980",,,,
[노브랜드] 남성용 4중날 면도기,"4,980",,,,
[노브랜드] 민트향 구강 청결제 800ml (의약외품),"2,980",,,,
[노브랜드] 그린티 민트향 구강 청결제 800ml (의약외품),"3,980",,,,
[노브랜드] 사과향 유아 구강 청결제 800ml 의약외품,"3,480",,,,
[노브랜드] 전동 칫솔 모 (리필),"10,900",,,,
[노브랜드] 머리 끈 50입,"2,000",,,,
[노브랜드] 면봉 400개,"1,180",,,,
[노브랜드] 가방에 쏙 손톱 깎이,"3,380",,,,
[노브랜드] 4단계 트위스터 네일 버퍼 & 샤이너,"3,380",,,,
[노브랜드] 다용도 모니터 스탠드,"7,480",,,,
[노브랜드] 티라이트 캔들 무향 100개입,"4,900",,,,
신발정리선반5단,"9,900",,,,
신발정리5단선반W,"18,500",,,,
[노브랜드] 클리어 미니 투명 수납함,"3,000",,,,
[노브랜드] 바스켓 A4,"3,000",,,,
[노브랜드] 소품 정리 바스켓 A5,"2,000",,,,
[노브랜드] 다목적 보관 용기 (정 960ml * 4조),"3,000",,,,
[노브랜드] 다목적 보관 용기 (정 1.9L*4조),"4,000",,,,
[노브랜드] 다목적 보관용기 정사각 3.2L 3조,"4,000",,,,
[노브랜드] 쌀통 10kg (민트),"9,900",,,,
[노브랜드] 다목적 보관 용기 (직750ml* 4조),"3,000",,,,
[노브랜드] 다목적 보관 용기 (직 1L*4조),"3,000",,,,
[노브랜드] 다목적 보관 용기 (직 1.2L*4조),"4,000",,,,
[노브랜드] 다목적 보관 용기 (직 1.8L*3조),"4,000",,,,
[노브랜드] 다목적 보관 용기 (직 3L*3조),"5,000",,,,
[노브랜드] 다목적 보관 용기 직사각 5L 3조,"6,000",,,,
[노브랜드] 다목적 보관 용기 (정 750ml*4조),"3,000",,,,
[노브랜드] 다목적 보관 용기 (직550ml*4조),"2,500",,,,
[노브랜드] EVA 비치 욕실화 (그레이),"2,950",,,,
[노브랜드] EVA 비치 욕실화 (블루),"2,950",,,,
[노브랜드]컴팩트 건조대(화이트),"15,980",,,,
[노브랜드]컴팩트 건조대(블루),"15,980",,,,
[노브랜드]컴팩트 건조대(그레이),"15,980",,,,
(G)노브랜드 PVC코팅 옷걸이10P,"4,900",,,,
[노브랜드] 욕실 유리 닦이,"1,990",,,,
[노브랜드] (G)양모 욕실 청소 솔(BE),"1,990",,,,
[노브랜드] (G) 둥근 욕실 청소 솔 (BE),"1,990",,,,
[노브랜드] 휴지통 2P (5L+2.5L),"6,900",,,,
[노브랜드] 스텐 후크 (테이프식) 8개,"2,280",,,,
[노브랜드] 흡착 후크 (흡착식) 10개,"2,280",,,,
[노브랜드] 테이프 크리너 리필 (대) 4개입,"7,780",,,,
[노브랜드] 와이퍼 400mm,"3,000",,,,
(G)노브랜드 와이퍼 450mm,"3,000",,,,
(G)노브랜드 와이퍼 500mm,"3,000",,,,
(G)노브랜드 와이퍼 550mm,"4,000",,,,
(G)노브랜드 와이퍼 600mm,"4,000",,,,
(G)노브랜드 와이퍼 650mm,"4,000",,,,
(이마트가 수입한)NB노브랜드 와이퍼 350mm,"3,000",,,,
[노브랜드] 차량용 편안한 목 쿠션,"4,900",,,,
[노브랜드] 차량용 초 극세사 먼지 떨이개,"6,700",,,,
[노브랜드] 슬림 엣지 차량용 도어 가드 블랙,"1,800",,,,
[노브랜드] 위생적인 양면 도마,"7,590",,,,
[노브랜드] 스텐 믹싱볼 24cm (직수입),"8,900",,,,
[노브랜드] 스텐 믹싱볼 28cm (직수입),"10,900",,,,
[노브랜드] 투명한 OPP 박스 테이프 2개입,"1,780",,,,
[노브랜드] 무흠집 수세미 3P,"1,090",,,,
[노브랜드] 극세사행주 2P,990,,,,
[노브랜드] 고무 장갑 (M) 2켤레,"2,680",,,,
[노브랜드] 욕실 타월 매트,"6,450",,,,
[노브랜드] 바스 타월,"7,950",,,,
[노브랜드]) 베개 솜 M (40*60cm),"6,900",,,,
[노브랜드] 다용도 순간 접착제 20g,"1,780",,,,
[노브랜드] 수납 박스 (소),"5,900",,,,
[노브랜드] 수납 박스 (대),"12,900",,,,
[노브랜드] 슬림 엣지 차량용 도어 가드 블루,"1,800",,,,
[노브랜드] 차량용 극세사 타월 2종 세트,"2,700",,,,
[노브랜드] 피부가 숨쉬는 토너 150ml,"10,000",,,,
[노브랜드] 수분 테라피 에멀전 150ml,"12,000",,,,
[노브랜드] 소프트 블라썸 듀얼 세럼 50ml,"13,000",,,,
[노브랜드] 사르르 녹아드는 아쿠아 모이스처 크림 50ml,"13,000",,,,
[노브랜드] 깨끗하게 수분만 남기는 클렌징 워터 300ml,"9,500",,,,
[노브랜드] 부드러운 휘핑 클렌징 폼150ml,"6,500",,,,
[노브랜드] 리치 뉴트리션 핸드 크림 50ml,"4,500",,,,
"[노브랜드] 막 쓰는 노트 (B5,50매)",550,,,,
[노브랜드] 사무용 패드형 노트 A4 (50매*8권),"5,600",,,,
[노브랜드] 플래그 3종세트,"4,950",,,,
